{
  "name": "SGD[lr=0.0434,momentum=0.9]",
  "spec": {
    "name": "SGD[lr=0.0434,momentum=0.9]",
    "class": "torch.optim.SGD",
    "params": {
      "lr": 0.0434249850571912,
      "momentum": 0.9
    }
  },
  "exp_dir": "workflow/tuning_random/SGD/exp_0005",
  "mean_val_acc": 0.875,
  "std_val_acc": 0.05500000715255737,
  "mean_test_acc": 0.8900000154972076,
  "std_test_acc": 0.09000000357627869,
  "mean_val_loss": 0.49860359728336334,
  "mean_test_loss": 0.353765033185482
}