{
  "device": "cpu",
  "epochs": 10,
  "final": {
    "epoch": 9.0,
    "test_accuracy": 0.9300000071525574,
    "test_loss": 0.2800794243812561,
    "train_accuracy": 0.902,
    "train_loss": 0.3329740183353424,
    "val_accuracy": 0.8899999856948853,
    "val_loss": 0.38855454325675964
  }
}