{
  "device": "mps",
  "epochs": 10,
  "final": {
    "epoch": 9.0,
    "test_accuracy": 0.9599999785423279,
    "test_loss": 0.17890328168869019,
    "train_accuracy": 0.9530000019073487,
    "train_loss": 0.18521104443073272,
    "val_accuracy": 0.8899999856948853,
    "val_loss": 0.35290107131004333
  }
}