{
  "constraint": {
    "constraint_error": 93.50148868560791,
    "constraint_norm": 108.0051155090332,
    "constraint_on_boundary": 0.0,
    "constraint_radius": 32.73503422550554
  },
  "device": "cpu",
  "epochs": 10,
  "final": {
    "constraint_error": 93.50148868560791,
    "constraint_norm": 108.0051155090332,
    "constraint_on_boundary": 0.0,
    "constraint_radius": 32.73503422550554,
    "epoch": 9.0,
    "test_accuracy": 0.8799999952316284,
    "test_loss": 1376.4434814453125,
    "train_accuracy": 0.9710000009536743,
    "train_loss": 200.103970703125,
    "val_accuracy": 0.8899999856948853,
    "val_loss": 1742.1568603515625
  }
}