{
  "cond": 10.0,
  "constraint": "l2ball",
  "dim": 10,
  "env": "gossip",
  "final_consensus_error": 1.70416464084896e-09,
  "final_dist_to_opt": 0.32250016098749595,
  "final_mean_loss": -1.4629409921278882,
  "final_suboptimality": 0.07575859361251425,
  "n_nodes": 5,
  "seed": 0,
  "step_schedule": "harmonic",
  "steps": 20,
  "topology": "ring"
}