{
  "device": "cpu",
  "epochs": 10,
  "final": {
    "epoch": 9.0,
    "test_accuracy": 0.9100000262260437,
    "test_loss": 0.32191604375839233,
    "train_accuracy": 0.8759999995231629,
    "train_loss": 0.3961799077987671,
    "val_accuracy": 0.8399999737739563,
    "val_loss": 0.44231629371643066
  }
}