{
  "device": "cpu",
  "epochs": 10,
  "final": {
    "epoch": 9.0,
    "test_accuracy": 0.5799999833106995,
    "test_loss": 1.4545689821243286,
    "train_accuracy": 0.599,
    "train_loss": 1.2586513576507568,
    "val_accuracy": 0.5600000023841858,
    "val_loss": 1.3850001096725464
  }
}