{
  "num_checks": 3,
  "num_failed": 0,
  "num_passed": 3,
  "passed": true,
  "results": [
    {
      "details": {
        "final_suboptimality": 0.05287694590045788,
        "initial_suboptimality": 25.472351485986476,
        "optimizer": "fw",
        "ratio_achieved": 0.002075856480291894,
        "ratio_threshold": 0.8,
        "steps": 30,
        "threshold": 20.377881188789182
      },
      "name": "single_decreases_suboptimality",
      "passed": true
    },
    {
      "details": {
        "bound": 2.00000001,
        "constraint": "l2ball",
        "eps": 1e-08,
        "max_norm": 0.9743921080660183,
        "node_norms": {
          "0": 0.9743921080652398,
          "1": 0.9743921080657535,
          "2": 0.9743921080660183,
          "3": 0.9743921080656684,
          "4": 0.9743921080651872
        },
        "optimizer": "fw",
        "radius": 2.0
      },
      "name": "constraint_feasibility",
      "passed": true
    },
    {
      "details": {
        "final_consensus_error": 1.7968981359302892e-12,
        "initial_consensus_error": 1.6180336349394604,
        "n_nodes": 5,
        "ratio_achieved": 1.1105443651655121e-12,
        "ratio_threshold": 0.5,
        "steps": 30,
        "strategy": "local_then_gossip",
        "threshold": 0.8090168174697302,
        "topology": "ring"
      },
      "name": "gossip_consensus_decreases",
      "passed": true
    }
  ]
}