{
  "device": "cpu",
  "epochs": 10,
  "final": {
    "epoch": 9.0,
    "test_accuracy": 0.11200000071525573,
    "test_loss": 2.3018042964935304,
    "train_accuracy": 0.1156,
    "train_loss": 2.301753596115112,
    "val_accuracy": 0.10099999988079071,
    "val_loss": 2.307250728607178
  }
}