{
  "name": "Muon[lr=0.0036,momentum=0.914,weight_decay=0.01]",
  "spec": {
    "name": "Muon[lr=0.0036,momentum=0.914,weight_decay=0.01]",
    "class": "optim.muon.SingleDeviceMuon",
    "params": {
      "lr": 0.0035983136922924596,
      "momentum": 0.9144065613219523,
      "weight_decay": 0.01
    }
  },
  "exp_dir": "workflow/tuning_random/Muon/exp_0001",
  "mean_val_acc": 0.925000011920929,
  "std_val_acc": 0.004999995231628418,
  "mean_test_acc": 0.9650000035762787,
  "std_test_acc": 0.005000025033950806,
  "mean_val_loss": 0.3379456698894501,
  "mean_test_loss": 0.13244396075606346
}