{
  "constraint": {
    "constraint_error": 209.3957290649414,
    "constraint_norm": 265.7010154724121,
    "constraint_on_boundary": 0.0,
    "constraint_radius": 70.52484208459535
  },
  "device": "cpu",
  "epochs": 10,
  "final": {
    "constraint_error": 209.3957290649414,
    "constraint_norm": 265.7010154724121,
    "constraint_on_boundary": 0.0,
    "constraint_radius": 70.52484208459535,
    "epoch": 9.0,
    "test_accuracy": 0.949999988079071,
    "test_loss": 15409.91796875,
    "train_accuracy": 0.9670000009536743,
    "train_loss": 5911.30998046875,
    "val_accuracy": 0.8500000238418579,
    "val_loss": 66046.4765625
  }
}