{
  "constraint": {
    "constraint_error": 59.07929992675781,
    "constraint_norm": 124.60135746002197,
    "constraint_on_boundary": 0.0,
    "constraint_radius": 27.78256072579871
  },
  "device": "cpu",
  "epochs": 10,
  "final": {
    "constraint_error": 59.07929992675781,
    "constraint_norm": 124.60135746002197,
    "constraint_on_boundary": 0.0,
    "constraint_radius": 27.78256072579871,
    "epoch": 9.0,
    "test_accuracy": 0.9700000286102295,
    "test_loss": 858.552001953125,
    "train_accuracy": 0.9810000023841858,
    "train_loss": 85.58838183116913,
    "val_accuracy": 0.8899999856948853,
    "val_loss": 1398.3570556640625
  }
}