{
  "device": "cpu",
  "epochs": 10,
  "final": {
    "epoch": 9.0,
    "test_accuracy": 0.10999999940395355,
    "test_loss": 2.3045406341552734,
    "train_accuracy": 0.1240000001192093,
    "train_loss": 2.2966473751068115,
    "val_accuracy": 0.10999999940395355,
    "val_loss": 2.299546957015991
  }
}