{
  "device": "cpu",
  "epochs": 10,
  "final": {
    "epoch": 9.0,
    "test_accuracy": 0.11200000071525573,
    "test_loss": 2.301045816421509,
    "train_accuracy": 0.1149,
    "train_loss": 2.3016407512664796,
    "val_accuracy": 0.10099999988079071,
    "val_loss": 2.304246301651001
  }
}