{
  "device": "cpu",
  "epochs": 10,
  "final": {
    "epoch": 9.0,
    "test_accuracy": 0.10999999940395355,
    "test_loss": 2.308335542678833,
    "train_accuracy": 0.12000000011920929,
    "train_loss": 2.299225160598755,
    "val_accuracy": 0.10999999940395355,
    "val_loss": 2.2993874549865723
  }
}