{
  "device": "cpu",
  "epochs": 10,
  "final": {
    "epoch": 9.0,
    "test_accuracy": 0.9599999785423279,
    "test_loss": 0.17038074135780334,
    "train_accuracy": 1.0,
    "train_loss": 0.0007442710613831877,
    "val_accuracy": 0.9399999976158142,
    "val_loss": 0.4663572311401367
  }
}