{
  "device": "cpu",
  "epochs": 10,
  "final": {
    "epoch": 9.0,
    "test_accuracy": 0.9599999785423279,
    "test_loss": 0.14616698026657104,
    "train_accuracy": 0.980999997138977,
    "train_loss": 0.10348626714944839,
    "val_accuracy": 0.8799999952316284,
    "val_loss": 0.36195287108421326
  }
}