{
  "device": "cpu",
  "epochs": 10,
  "final": {
    "epoch": 9.0,
    "test_accuracy": 0.10999999940395355,
    "test_loss": 2.3063411712646484,
    "train_accuracy": 0.12400000029802323,
    "train_loss": 2.2987787742614745,
    "val_accuracy": 0.10999999940395355,
    "val_loss": 2.3000800609588623
  }
}