{
  "device": "cpu",
  "epochs": 10,
  "final": {
    "epoch": 9.0,
    "test_accuracy": 0.10999999940395355,
    "test_loss": 2.3032143115997314,
    "train_accuracy": 0.12400000023841858,
    "train_loss": 2.2954737911224363,
    "val_accuracy": 0.10999999940395355,
    "val_loss": 2.298231363296509
  }
}