{
  "device": "cpu",
  "epochs": 10,
  "final": {
    "epoch": 9.0,
    "test_accuracy": 0.10999999940395355,
    "test_loss": 2.30253005027771,
    "train_accuracy": 0.1240000001192093,
    "train_loss": 2.2984702377319337,
    "val_accuracy": 0.10999999940395355,
    "val_loss": 2.3000898361206055
  }
}