{
  "device": "cpu",
  "epochs": 10,
  "final": {
    "epoch": 9.0,
    "test_accuracy": 0.9599999785423279,
    "test_loss": 0.18192189931869507,
    "train_accuracy": 0.9570000019073487,
    "train_loss": 0.17848319828510284,
    "val_accuracy": 0.8899999856948853,
    "val_loss": 0.3548518717288971
  }
}