{
  "device": "cpu",
  "epochs": 10,
  "final": {
    "epoch": 9.0,
    "test_accuracy": 0.9200000166893005,
    "test_loss": 0.24222610890865326,
    "train_accuracy": 0.9489999971389771,
    "train_loss": 0.2280373694896698,
    "val_accuracy": 0.8799999952316284,
    "val_loss": 0.4045712649822235
  }
}