{
  "device": "cpu",
  "epochs": 10,
  "final": {
    "epoch": 9.0,
    "test_accuracy": 0.9700000286102295,
    "test_loss": 0.12575383484363556,
    "train_accuracy": 0.9960000023841858,
    "train_loss": 0.05321492910385132,
    "val_accuracy": 0.8799999952316284,
    "val_loss": 0.32635870575904846
  }
}