{
  "device": "cpu",
  "epochs": 10,
  "final": {
    "epoch": 9.0,
    "test_accuracy": 0.9700000286102295,
    "test_loss": 0.12277772277593613,
    "train_accuracy": 0.9960000023841858,
    "train_loss": 0.032149681478738784,
    "val_accuracy": 0.9300000071525574,
    "val_loss": 0.3233177065849304
  }
}