{
  "device": "cpu",
  "epochs": 10,
  "final": {
    "epoch": 9.0,
    "test_accuracy": 0.9399999976158142,
    "test_loss": 0.1452072560787201,
    "train_accuracy": 0.9970000023841858,
    "train_loss": 0.015536444947123527,
    "val_accuracy": 0.9200000166893005,
    "val_loss": 0.36593207716941833
  }
}