{
  "device": "cpu",
  "epochs": 10,
  "final": {
    "epoch": 9.0,
    "test_accuracy": 0.1899999976158142,
    "test_loss": 942.7039794921875,
    "train_accuracy": 0.18499999952316284,
    "train_loss": 1078.5983115234376,
    "val_accuracy": 0.1599999964237213,
    "val_loss": 962.9258422851562
  }
}