{
  "device": "cpu",
  "epochs": 10,
  "final": {
    "epoch": 9.0,
    "test_accuracy": 0.11200000071525573,
    "test_loss": 2.301718521118164,
    "train_accuracy": 0.1145,
    "train_loss": 2.301578496551514,
    "val_accuracy": 0.10099999988079071,
    "val_loss": 2.3070553970336913
  }
}