{
  "device": "mps",
  "epochs": 10,
  "final": {
    "epoch": 9.0,
    "test_accuracy": 0.973999997138977,
    "test_loss": 0.08094599205255508,
    "train_accuracy": 0.9993,
    "train_loss": 0.005130103129707277,
    "val_accuracy": 0.9830000023841858,
    "val_loss": 0.06801243412494659
  }
}