{
  "device": "cpu",
  "epochs": 10,
  "final": {
    "epoch": 9.0,
    "test_accuracy": 0.10999999940395355,
    "test_loss": 2.302955389022827,
    "train_accuracy": 0.12400000023841858,
    "train_loss": 2.298589000701904,
    "val_accuracy": 0.10999999940395355,
    "val_loss": 2.300069808959961
  }
}