{
  "device": "cpu",
  "epochs": 10,
  "final": {
    "epoch": 9.0,
    "test_accuracy": 0.9599999785423279,
    "test_loss": 0.1421101987361908,
    "train_accuracy": 0.9920000023841858,
    "train_loss": 0.07025986832380295,
    "val_accuracy": 0.9200000166893005,
    "val_loss": 0.3525736331939697
  }
}