{
  "device": "cpu",
  "epochs": 10,
  "final": {
    "epoch": 9.0,
    "test_accuracy": 0.10000000149011612,
    "test_loss": 2.2992889881134033,
    "train_accuracy": 0.14500000059604645,
    "train_loss": 2.2952826766967775,
    "val_accuracy": 0.12999999523162842,
    "val_loss": 2.293250799179077
  }
}