{
  "constraint": {
    "constraint_error": 1574.4836807250977,
    "constraint_norm": 1690.9464111328125,
    "constraint_on_boundary": 0.0,
    "constraint_radius": 429.89112854003906
  },
  "device": "mps",
  "epochs": 10,
  "final": {
    "constraint_error": 1574.4836807250977,
    "constraint_norm": 1690.9464111328125,
    "constraint_on_boundary": 0.0,
    "constraint_radius": 429.89112854003906,
    "epoch": 9.0,
    "test_accuracy": 0.12999999523162842,
    "test_loss": 1955598958592.0,
    "train_accuracy": 0.08500000005960465,
    "train_loss": 2040339533660.16,
    "val_accuracy": 0.07000000029802322,
    "val_loss": 2031185952768.0
  }
}