{
  "device": "cpu",
  "epochs": 10,
  "final": {
    "epoch": 9.0,
    "test_accuracy": 0.9700000286102295,
    "test_loss": 0.0999879539012909,
    "train_accuracy": 1.0,
    "train_loss": 0.001770539840683341,
    "val_accuracy": 0.9200000166893005,
    "val_loss": 0.3432036340236664
  }
}