{
  "device": "cpu",
  "epochs": 10,
  "final": {
    "epoch": 9.0,
    "test_accuracy": 0.9700000286102295,
    "test_loss": 0.1367364078760147,
    "train_accuracy": 0.999,
    "train_loss": 0.014485230073332786,
    "val_accuracy": 0.9200000166893005,
    "val_loss": 0.36261874437332153
  }
}