{
  "device": "cpu",
  "epochs": 10,
  "final": {
    "epoch": 9.0,
    "test_accuracy": 0.9800000190734863,
    "test_loss": 0.27047526836395264,
    "train_accuracy": 1.0,
    "train_loss": 7.46884849449998e-05,
    "val_accuracy": 0.9200000166893005,
    "val_loss": 0.809714674949646
  }
}