{
  "device": "cpu",
  "epochs": 10,
  "final": {
    "epoch": 9.0,
    "test_accuracy": 0.9599999785423279,
    "test_loss": 0.35064420104026794,
    "train_accuracy": 1.0,
    "train_loss": 3.894799208501354e-05,
    "val_accuracy": 0.9200000166893005,
    "val_loss": 0.8687427639961243
  }
}