{
  "device": "cpu",
  "epochs": 10,
  "final": {
    "epoch": 9.0,
    "test_accuracy": 0.9700000286102295,
    "test_loss": 0.09863314777612686,
    "train_accuracy": 1.0,
    "train_loss": 0.007375030558556319,
    "val_accuracy": 0.9300000071525574,
    "val_loss": 0.33567771315574646
  }
}