{
  "device": "cpu",
  "epochs": 10,
  "final": {
    "epoch": 9.0,
    "test_accuracy": 0.10999999940395355,
    "test_loss": 2.3024163246154785,
    "train_accuracy": 0.12400000023841858,
    "train_loss": 2.300255723953247,
    "val_accuracy": 0.10999999940395355,
    "val_loss": 2.3010036945343018
  }
}