{
  "device": "cpu",
  "epochs": 10,
  "final": {
    "epoch": 9.0,
    "test_accuracy": 0.9700000286102295,
    "test_loss": 0.11968551576137543,
    "train_accuracy": 0.998,
    "train_loss": 0.03351031494140625,
    "val_accuracy": 0.9100000262260437,
    "val_loss": 0.2475568801164627
  }
}