{
  "device": "cpu",
  "epochs": 10,
  "final": {
    "epoch": 9.0,
    "test_accuracy": 0.9700000286102295,
    "test_loss": 0.10882702469825745,
    "train_accuracy": 1.0,
    "train_loss": 0.00430768877826631,
    "val_accuracy": 0.9300000071525574,
    "val_loss": 0.2328367382287979
  }
}