{
  "device": "cpu",
  "epochs": 10,
  "final": {
    "epoch": 9.0,
    "test_accuracy": 0.9790000009536743,
    "test_loss": 0.08084894323348998,
    "train_accuracy": 0.9999,
    "train_loss": 0.003175664967269404,
    "val_accuracy": 0.9870000023841858,
    "val_loss": 0.05255438938736916
  }
}