{
  "device": "cpu",
  "epochs": 10,
  "final": {
    "epoch": 9.0,
    "test_accuracy": 0.9899999985694885,
    "test_loss": 0.030109011963009833,
    "train_accuracy": 0.9964333333015442,
    "train_loss": 0.012063233523070812,
    "val_accuracy": 0.9891111111111112,
    "val_loss": 0.0371489508152008
  }
}