{
  "device": "cpu",
  "epochs": 10,
  "final": {
    "epoch": 9.0,
    "test_accuracy": 0.10999999940395355,
    "test_loss": 2.3022408485412598,
    "train_accuracy": 0.12400000023841858,
    "train_loss": 2.2968997497558594,
    "val_accuracy": 0.10999999940395355,
    "val_loss": 2.298830032348633
  }
}