{
  "device": "mps",
  "epochs": 10,
  "final": {
    "epoch": 9.0,
    "test_accuracy": 0.10999999940395355,
    "test_loss": 2.305112600326538,
    "train_accuracy": 0.1240000001192093,
    "train_loss": 2.2972866249084474,
    "val_accuracy": 0.10999999940395355,
    "val_loss": 2.299129009246826
  }
}