{
  "device": "cpu",
  "epochs": 10,
  "final": {
    "epoch": 9.0,
    "test_accuracy": 0.11200000071525573,
    "test_loss": 2.301551914215088,
    "train_accuracy": 0.1162,
    "train_loss": 2.301615417480469,
    "val_accuracy": 0.10099999988079071,
    "val_loss": 2.305180236816406
  }
}