{
  "device": "cpu",
  "epochs": 10,
  "final": {
    "epoch": 9.0,
    "test_accuracy": 0.9870000023841858,
    "test_loss": 0.044425851553678515,
    "train_accuracy": 0.9972666666666666,
    "train_loss": 0.008384804081435627,
    "val_accuracy": 0.989222222328186,
    "val_loss": 0.03989994663372636
  }
}