{
  "constraint": {
    "constraint_error": 392.86337661743164,
    "constraint_norm": 594.9508895874023,
    "constraint_on_boundary": 0.0,
    "constraint_radius": 148.92136362585325
  },
  "device": "cpu",
  "epochs": 10,
  "final": {
    "constraint_error": 392.86337661743164,
    "constraint_norm": 594.9508895874023,
    "constraint_on_boundary": 0.0,
    "constraint_radius": 148.92136362585325,
    "epoch": 9.0,
    "test_accuracy": 0.9200000166893005,
    "test_loss": 577718.3125,
    "train_accuracy": 0.9770000009536743,
    "train_loss": 137004.6946875,
    "val_accuracy": 0.8500000238418579,
    "val_loss": 2709294.0
  }
}