{
  "device": "cpu",
  "epochs": 10,
  "final": {
    "epoch": 9.0,
    "test_accuracy": 0.9700000286102295,
    "test_loss": 0.08967232704162598,
    "train_accuracy": 0.9910000023841858,
    "train_loss": 0.04766735261678696,
    "val_accuracy": 0.8999999761581421,
    "val_loss": 0.3082963824272156
  }
}